{
	"configs" : [
		{
			"remarks" : "",
			"id" : "A6A5BB222866733E026982D37B22D7AA",
			"server" : "8.210.35.213",
			"server_port" : 2001,
			"server_udp_port" : 0,
			"password" : "Vs7lWp9GnrLRR0KB",
			"method" : "aes-256-cfb",
			"protocol" : "origin",
			"protocolparam" : "",
			"obfs" : "plain",
			"obfsparam" : "",
			"remarks_base64" : "",
			"group" : "",
			"enable" : true,
			"udp_over_tcp" : false
		},
		{
			"remarks" : "俄罗斯A",
			"id" : "D1560ADC096D6DBEFC9AF84C2A79AD62",
			"server" : "194.147.87.207",
			"server_port" : 10105,
			"server_udp_port" : 0,
			"password" : "lncn.org y5",
			"method" : "rc4",
			"protocol" : "origin",
			"protocolparam" : "",
			"obfs" : "plain",
			"obfsparam" : "",
			"remarks_base64" : "5L-E572X5pavQQ",
			"group" : "Lncn.org",
			"enable" : true,
			"udp_over_tcp" : false
		},
		{
			"remarks" : "俄罗斯B",
			"id" : "0EFA87321DCC4E727CB7C461440A7DA2",
			"server" : "194.156.121.15",
			"server_port" : 10105,
			"server_udp_port" : 0,
			"password" : "lncn.org y5",
			"method" : "rc4",
			"protocol" : "origin",
			"protocolparam" : "",
			"obfs" : "plain",
			"obfsparam" : "",
			"remarks_base64" : "5L-E572X5pavQg",
			"group" : "Lncn.org",
			"enable" : true,
			"udp_over_tcp" : false
		},
		{
			"remarks" : "俄罗斯C",
			"id" : "84EFE72985F9A395E3417A0748053940",
			"server" : "46.29.160.120",
			"server_port" : 10105,
			"server_udp_port" : 0,
			"password" : "lncn.org y5",
			"method" : "rc4",
			"protocol" : "origin",
			"protocolparam" : "",
			"obfs" : "plain",
			"obfsparam" : "",
			"remarks_base64" : "5L-E572X5pavQw",
			"group" : "Lncn.org",
			"enable" : true,
			"udp_over_tcp" : false
		},
		{
			"remarks" : "俄罗斯D",
			"id" : "9B097429BED626490E5304AFBB85F969",
			"server" : "45.89.229.244",
			"server_port" : 10105,
			"server_udp_port" : 0,
			"password" : "lncn.org y5",
			"method" : "rc4",
			"protocol" : "origin",
			"protocolparam" : "",
			"obfs" : "plain",
			"obfsparam" : "",
			"remarks_base64" : "5L-E572X5pavRA",
			"group" : "Lncn.org",
			"enable" : true,
			"udp_over_tcp" : false
		},
		{
			"remarks" : "俄罗斯M",
			"id" : "1C6CC432478224221B336D288E52BD9B",
			"server" : "45.89.228.56",
			"server_port" : 10105,
			"server_udp_port" : 0,
			"password" : "lncn.org k5",
			"method" : "rc4",
			"protocol" : "origin",
			"protocolparam" : "",
			"obfs" : "plain",
			"obfsparam" : "",
			"remarks_base64" : "5L-E572X5pavTQ",
			"group" : "Lncn.org",
			"enable" : true,
			"udp_over_tcp" : false
		},
		{
			"remarks" : "俄罗斯N",
			"id" : "2C925FFEBEF21BB3B4F974E00D794695",
			"server" : "194.50.170.116",
			"server_port" : 10105,
			"server_udp_port" : 0,
			"password" : "lncn.org k5",
			"method" : "rc4",
			"protocol" : "origin",
			"protocolparam" : "",
			"obfs" : "plain",
			"obfsparam" : "",
			"remarks_base64" : "5L-E572X5pavTg",
			"group" : "Lncn.org",
			"enable" : true,
			"udp_over_tcp" : false
		},
		{
			"remarks" : "俄罗斯O",
			"id" : "F945D2225B4241062B627E7F6E40C718",
			"server" : "45.130.146.120",
			"server_port" : 10105,
			"server_udp_port" : 0,
			"password" : "lncn.org k5",
			"method" : "rc4",
			"protocol" : "origin",
			"protocolparam" : "",
			"obfs" : "plain",
			"obfsparam" : "",
			"remarks_base64" : "5L-E572X5pavTw",
			"group" : "Lncn.org",
			"enable" : true,
			"udp_over_tcp" : false
		},
		{
			"remarks" : "俄罗斯P",
			"id" : "A6DD127010F1C54355395810AB0B781F",
			"server" : "188.119.64.54",
			"server_port" : 10105,
			"server_udp_port" : 0,
			"password" : "lncn.org k5",
			"method" : "rc4",
			"protocol" : "origin",
			"protocolparam" : "",
			"obfs" : "plain",
			"obfsparam" : "",
			"remarks_base64" : "5L-E572X5pavUA",
			"group" : "Lncn.org",
			"enable" : true,
			"udp_over_tcp" : false
		},
		{
			"remarks" : "俄罗斯Q",
			"id" : "7C2DC03ADD626F64C5DC5150A2BAE5A2",
			"server" : "188.119.64.24",
			"server_port" : 10105,
			"server_udp_port" : 0,
			"password" : "lncn.org n5",
			"method" : "rc4",
			"protocol" : "origin",
			"protocolparam" : "",
			"obfs" : "plain",
			"obfsparam" : "",
			"remarks_base64" : "5L-E572X5pavUQ",
			"group" : "Lncn.org",
			"enable" : true,
			"udp_over_tcp" : false
		},
		{
			"remarks" : "俄罗斯R",
			"id" : "A44765EBA571853A5E995DFAEE335C3B",
			"server" : "194.156.121.250",
			"server_port" : 10105,
			"server_udp_port" : 0,
			"password" : "lncn.org n5",
			"method" : "rc4",
			"protocol" : "origin",
			"protocolparam" : "",
			"obfs" : "plain",
			"obfsparam" : "",
			"remarks_base64" : "5L-E572X5pavUg",
			"group" : "Lncn.org",
			"enable" : true,
			"udp_over_tcp" : false
		},
		{
			"remarks" : "俄罗斯S",
			"id" : "763D8F58F8EB4965551984EE46B8FB30",
			"server" : "194.156.120.31",
			"server_port" : 10105,
			"server_udp_port" : 0,
			"password" : "lncn.org n5",
			"method" : "rc4",
			"protocol" : "origin",
			"protocolparam" : "",
			"obfs" : "plain",
			"obfsparam" : "",
			"remarks_base64" : "5L-E572X5pavUw",
			"group" : "Lncn.org",
			"enable" : true,
			"udp_over_tcp" : false
		},
		{
			"remarks" : "俄罗斯T",
			"id" : "7AC4B2F83900B5578459A6D004E746BE",
			"server" : "45.8.159.140",
			"server_port" : 10105,
			"server_udp_port" : 0,
			"password" : "lncn.org n5",
			"method" : "rc4",
			"protocol" : "origin",
			"protocolparam" : "",
			"obfs" : "plain",
			"obfsparam" : "",
			"remarks_base64" : "5L-E572X5pavVA",
			"group" : "Lncn.org",
			"enable" : true,
			"udp_over_tcp" : false
		}
	],
	"index" : 4,
	"random" : false,
	"sysProxyMode" : 2,
	"shareOverLan" : false,
	"localPort" : 8888,
	"localAuthPassword" : "0NQBunU__xSCeb8oXp3S",
	"localDnsServer" : "",
	"dnsServer" : "",
	"reconnectTimes" : 2,
	"balanceAlgorithm" : "LowLatency",
	"randomInGroup" : false,
	"TTL" : 0,
	"connectTimeout" : 5,
	"proxyRuleMode" : 2,
	"proxyEnable" : false,
	"pacDirectGoProxy" : false,
	"proxyType" : 0,
	"proxyHost" : "",
	"proxyPort" : 0,
	"proxyAuthUser" : "",
	"proxyAuthPass" : "",
	"proxyUserAgent" : "",
	"authUser" : "",
	"authPass" : "",
	"autoBan" : false,
	"checkSwitchAutoCloseAll" : false,
	"logEnable" : false,
	"sameHostForSameTarget" : false,
	"keepVisitTime" : 180,
	"isHideTips" : true,
	"nodeFeedAutoUpdate" : true,
	"serverSubscribes" : [

	],
	"token" : {

	},
	"portMap" : {

	}
}