{
	"43.154.1.118" : {
		"totalUploadBytes" : 480497929,
		"totalDownloadBytes" : 65285670810
	},
	"101.32.184.119" : {
		"totalUploadBytes" : 1756367627,
		"totalDownloadBytes" : 25816237428
	},
	"117.28.242.137" : {
		"totalUploadBytes" : 28066,
		"totalDownloadBytes" : 174853
	},
	"8.210.33.43" : {
		"totalUploadBytes" : 230522024,
		"totalDownloadBytes" : 4282030913
	},
	"8.210.229.251" : {
		"totalUploadBytes" : 236738250,
		"totalDownloadBytes" : 3349720915
	},
	"217.30.10.64" : {
		"totalUploadBytes" : 1326,
		"totalDownloadBytes" : 5808
	},
	"195.245.239.15" : {
		"totalUploadBytes" : 35793499,
		"totalDownloadBytes" : 5870012270
	},
	"46.29.160.101" : {
		"totalUploadBytes" : 392187,
		"totalDownloadBytes" : 2682401
	},
	"194.147.34.162" : {
		"totalUploadBytes" : 483744,
		"totalDownloadBytes" : 1934880
	},
	"91.198.220.69" : {
		"totalUploadBytes" : 1968448,
		"totalDownloadBytes" : 44342169
	},
	"91.198.220.84" : {
		"totalUploadBytes" : 688582,
		"totalDownloadBytes" : 4440327
	},
	"194.147.34.32" : {
		"totalUploadBytes" : 25126105,
		"totalDownloadBytes" : 1549723512
	},
	"46.17.47.156" : {
		"totalUploadBytes" : 732712,
		"totalDownloadBytes" : 2525368
	},
	"45.130.146.233" : {
		"totalUploadBytes" : 743683,
		"totalDownloadBytes" : 9428926
	},
	"194.156.121.170" : {
		"totalUploadBytes" : 786969,
		"totalDownloadBytes" : 20109542
	},
	"176.32.32.118" : {
		"totalUploadBytes" : 683874,
		"totalDownloadBytes" : 6093942
	},
	"46.29.160.15" : {
		"totalUploadBytes" : 402510,
		"totalDownloadBytes" : 6828174
	},
	"46.29.161.158" : {
		"totalUploadBytes" : 549449,
		"totalDownloadBytes" : 18495176
	},
	"91.206.92.12" : {
		"totalUploadBytes" : 45260115,
		"totalDownloadBytes" : 1950092342
	},
	"45.8.158.119" : {
		"totalUploadBytes" : 38027,
		"totalDownloadBytes" : 498894
	},
	"46.17.46.253" : {
		"totalUploadBytes" : 11999,
		"totalDownloadBytes" : 4374
	},
	"46.29.160.78" : {
		"totalUploadBytes" : 17379,
		"totalDownloadBytes" : 195040
	},
	"194.156.121.135" : {
		"totalUploadBytes" : 255833,
		"totalDownloadBytes" : 11546334
	},
	"188.119.65.129" : {
		"totalUploadBytes" : 7360353,
		"totalDownloadBytes" : 340297123
	},
	"194.50.171.214" : {
		"totalUploadBytes" : 53255495,
		"totalDownloadBytes" : 6951488011
	},
	"91.206.92.68" : {
		"totalUploadBytes" : 13751885,
		"totalDownloadBytes" : 451534769
	},
	"194.5.78.96" : {
		"totalUploadBytes" : 302515,
		"totalDownloadBytes" : 39874697
	},
	"194.147.33.165" : {
		"totalUploadBytes" : 5342,
		"totalDownloadBytes" : 7958
	},
	"188.119.64.151" : {
		"totalUploadBytes" : 28020,
		"totalDownloadBytes" : 673096
	},
	"194.156.121.250" : {
		"totalUploadBytes" : 30880026,
		"totalDownloadBytes" : 1789965370
	},
	"2.56.240.162" : {
		"totalUploadBytes" : 84180724,
		"totalDownloadBytes" : 10544229
	},
	"45.8.159.129" : {
		"totalUploadBytes" : 2772,
		"totalDownloadBytes" : 6409
	},
	"45.136.245.209" : {
		"totalUploadBytes" : 4108,
		"totalDownloadBytes" : 3284
	},
	"45.135.135.233" : {
		"totalUploadBytes" : 1386,
		"totalDownloadBytes" : 3207
	},
	"85.117.235.28" : {
		"totalUploadBytes" : 184198,
		"totalDownloadBytes" : 21571795
	},
	"193.233.19.41" : {
		"totalUploadBytes" : 57984,
		"totalDownloadBytes" : 5784615
	},
	"47.243.39.13" : {
		"totalUploadBytes" : 20452,
		"totalDownloadBytes" : 54573
	},
	"8.210.35.213" : {
		"totalUploadBytes" : 660689696,
		"totalDownloadBytes" : 8842744332
	},
	"185.22.152.90" : {
		"totalUploadBytes" : 1546,
		"totalDownloadBytes" : 1661
	},
	"194.156.121.174" : {
		"totalUploadBytes" : 4311,
		"totalDownloadBytes" : 6567
	},
	"46.29.161.205" : {
		"totalUploadBytes" : 9675209,
		"totalDownloadBytes" : 92414732
	},
	"194.50.170.229" : {
		"totalUploadBytes" : 8609940,
		"totalDownloadBytes" : 640287593
	},
	"188.119.65.231" : {
		"totalUploadBytes" : 1594170,
		"totalDownloadBytes" : 163562867
	},
	"45.89.228.56" : {
		"totalUploadBytes" : 59913699,
		"totalDownloadBytes" : 2359907220
	},
	"194.50.171.143" : {
		"totalUploadBytes" : 936504772,
		"totalDownloadBytes" : 492547954
	},
	"194.156.121.15" : {
		"totalUploadBytes" : 26580402,
		"totalDownloadBytes" : 7732980759
	},
	"194.50.170.116" : {
		"totalUploadBytes" : 98890957,
		"totalDownloadBytes" : 1254553613
	},
	"45.130.146.120" : {
		"totalUploadBytes" : 12467192,
		"totalDownloadBytes" : 123042502
	},
	"188.119.64.54" : {
		"totalUploadBytes" : 19986597,
		"totalDownloadBytes" : 499033871
	},
	"45.89.229.244" : {
		"totalUploadBytes" : 62037846,
		"totalDownloadBytes" : 5172734519
	},
	"46.29.160.120" : {
		"totalUploadBytes" : 18071936,
		"totalDownloadBytes" : 897292108
	},
	"194.147.87.207" : {
		"totalUploadBytes" : 56006470,
		"totalDownloadBytes" : 626571407
	}
}